S1,Onkar,onkar@vitb.com,19
S2,Mayank,mayank@vitb.com,20
S3,Shreyansh,shreyansh@vitb.com,19
S4,Divyanshu,divyanshu@vitb.com,20
S5,Akhil,akhil@vitb.com,19
S6,Sarang,sarang@vitb.com,20
S7,Lovesh,lovesh@vitb.com,20
S8,Rohit,rohit@vitb.com,19
S9,Aryan,aryan@vitb.com,20
S10,Sagar,sagar@vitb.com,19
S11,Abhinav,abhinav@vitb.com,22
